DIA,TMP,RH,PM10
1.0,13.96,42.467,74.2
2.0,6.313,29.478,39.043
3.0,7.322,11.478,27.261
4.0,11.083,11.043,43.696
5.0,12.835,16.826,74.826
6.0,12.117,38.348,71.478
7.0,14.7,28.652,49.957
8.0,14.874,31.0,44.391
9.0,15.609,28.348,43.913
10.0,15.343,31.652,31.87
11.0,14.8,32.783,41.696
12.0,14.926,31.435,35.522
13.0,11.861,42.087,60.435
14.0,8.765,61.391,66.391
15.0,6.522,79.783,34.522
16.0,8.295,61.714,17.762
17.0,10.761,43.957,12.13
18.0,13.722,33.478,21.696
19.0,15.274,29.696,34.826
20.0,15.726,34.87,55.435
21.0,15.122,31.783,51.826
22.0,15.452,22.478,42.783
23.0,15.214,24.727,32.227
24.0,16.161,21.0,31.652
25.0,15.474,26.217,55.435
26.0,11.257,48.0,59.652
27.0,12.835,47.13,49.043
28.0,14.061,41.652,44.522
29.0,16.057,33.783,30.043
30.0,17.017,30.261,33.696
31.0,15.519,37.286,35.19
1.0,17.148,30.435,34.913
2.0,16.796,29.174,41.826
3.0,16.904,20.913,37.217
4.0,16.939,25.13,44.0
5.0,13.043,56.87,51.304
6.0,16.778,37.696,35.261
7.0,14.617,51.261,37.87
8.0,16.657,31.565,32.783
9.0,16.586,23.136,32.455
10.0,17.787,16.826,36.522
11.0,17.11,13.81,40.381
12.0,17.255,8.727,41.818
13.0,16.567,12.048,47.714
14.0,16.768,14.955,40.227
15.0,17.809,17.783,59.217
16.0,18.983,21.435,59.478
17.0,19.033,22.238,61.524
18.0,19.97,18.087,51.522
19.0,17.1,37.957,79.435
20.0,16.787,33.696,70.0
21.0,17.257,27.0,57.19
22.0,17.157,30.913,64.043
23.0,16.036,39.955,61.636
24.0,14.283,51.739,49.696
25.0,13.209,66.318,36.364
26.0,13.755,64.545,43.364
27.0,15.835,45.043,42.174
28.0,16.791,30.826,40.696
29.0,16.6,24.435,52.696
30.0,16.413,18.739,32.348
1.0,17.709,15.696,40.174
2.0,17.196,27.609,68.913
3.0,14.861,50.13,48.826
4.0,15.561,35.348,71.783
5.0,16.357,20.304,42.609
6.0,15.417,34.696,67.652
7.0,17.03,26.826,71.13
8.0,17.048,27.522,59.478
9.0,17.887,21.957,64.435
10.0,17.796,20.087,63.391
11.0,16.868,35.045,76.045
12.0,14.043,63.957,58.739
13.0,11.591,80.304,26.739
14.0,13.013,75.348,27.565
15.0,14.639,61.739,48.696
16.0,16.239,50.087,46.217
17.0,17.636,40.455,36.045
18.0,17.504,44.826,29.739
19.0,17.461,45.957,29.957
20.0,17.595,43.909,34.591
21.0,18.574,40.957,41.826
22.0,16.853,49.211,45.632
23.0,14.952,56.478,34.174
24.0,15.357,46.571,40.905
25.0,13.257,67.87,37.783
26.0,13.791,74.636,29.0
27.0,13.529,73.238,29.81
28.0,15.764,58.636,31.909
29.0,16.596,55.652,35.739
30.0,16.932,47.053,33.737
31.0,16.965,43.957,30.348
1.0,16.814,51.643,30.286
2.0,16.1,57.522,29.391
3.0,16.743,54.0,24.304
4.0,20.455,29.364,38.091
5.0,17.6,35.783,37.826
6.0,18.222,26.0,35.652
7.0,18.018,31.955,42.182
8.0,17.239,48.565,44.435
9.0,13.526,66.474,24.158
10.0,12.996,66.391,32.304
11.0,13.218,76.045,22.773
12.0,14.491,63.182,27.864
13.0,14.683,67.043,29.304
14.0,13.676,71.714,36.667
15.0,14.804,67.696,32.913
16.0,16.782,54.455,31.136
17.0,16.93,53.348,36.87
18.0,16.283,42.609,34.565
19.0,12.8,73.353,24.412
20.0,11.6,92.889,12.167
21.0,10.814,99.0,16.667
22.0,12.888,84.353,20.882
23.0,13.959,75.706,12.824
24.0,13.682,78.353,25.118
25.0,14.415,71.9,26.65
26.0,15.048,61.783,27.304
27.0,15.396,57.391,32.913
28.0,14.887,49.478,22.783
29.0,10.909,77.273,17.818
30.0,14.819,52.571,18.857
1.0,15.417,45.739,26.087
2.0,14.129,57.524,26.571
3.0,12.1,73.667,15.4
4.0,13.981,72.095,36.667
5.0,12.838,87.857,16.571
6.0,14.48,70.2,10.25
7.0,13.22,82.05,11.25
8.0,12.804,74.87,33.913
9.0,15.314,57.909,28.682
10.0,14.076,62.81,25.524
11.0,12.805,75.318,18.0
12.0,12.705,72.947,23.316
13.0,13.096,73.0,22.435
14.0,15.563,57.842,19.0
15.0,15.624,57.0,21.333
16.0,14.426,59.304,25.13
17.0,13.027,74.591,26.045
18.0,13.832,69.545,25.455
19.0,13.576,76.0,26.333
20.0,13.85,70.909,20.364
21.0,14.874,64.87,13.957
22.0,12.864,75.045,23.636
23.0,15.095,66.81,26.048
24.0,13.817,71.217,25.217
25.0,14.4,66.826,20.043
26.0,15.309,61.391,29.391
27.0,16.757,45.391,29.957
28.0,14.683,58.565,28.391
29.0,15.548,53.087,33.13
30.0,9.933,74.333,24.833
2.0,15.682,58.227,25.636
3.0,14.314,63.619,18.238
4.0,13.842,70.474,23.737
5.0,13.682,70.773,25.818
6.0,14.85,62.091,36.773
7.0,16.122,56.043,42.826
8.0,15.596,57.435,37.217
9.0,14.526,62.174,34.13
10.0,13.265,66.0,30.0
11.0,12.433,82.238,14.333
12.0,12.791,78.696,20.652
13.0,13.277,66.955,14.545
14.0,12.864,66.545,18.136
15.0,13.343,70.391,18.0
16.0,15.014,61.136,19.955
17.0,14.25,61.714,20.357
18.0,15.076,52.714,17.333
19.0,13.757,60.261,26.217
20.0,11.182,86.5,12.364
21.0,11.771,88.762,16.238
22.0,11.046,88.846,14.692
23.0,14.278,70.174,20.826
24.0,14.221,72.421,18.263
25.0,12.768,79.227,11.091
26.0,11.832,92.105,14.895
27.0,14.34,76.55,14.25
28.0,14.491,67.5,24.545
29.0,12.348,74.667,21.19
30.0,13.18,74.85,24.8
31.0,14.594,71.412,29.647
1.0,14.941,64.636,22.545
2.0,13.4,75.524,23.095
3.0,11.52,86.0,21.133
7.0,11.9,89.957,28.565
8.0,11.975,91.25,23.0
9.0,11.462,92.062,21.562
10.0,14.014,80.091,23.409
11.0,13.62,77.35,16.75
12.0,12.819,78.0,14.667
13.0,11.412,92.824,13.824
14.0,11.74,97.4,15.867
15.0,12.055,93.318,14.682
16.0,12.206,87.167,20.111
17.0,14.711,68.222,17.889
18.0,14.188,79.941,21.471
19.0,15.695,69.789,22.158
20.0,14.052,80.429,19.0
21.0,14.723,78.455,16.455
22.0,15.084,75.684,16.789
23.0,15.21,77.19,24.762
24.0,14.315,81.2,22.15
25.0,13.732,73.526,22.211
26.0,12.238,91.667,12.429
27.0,14.662,62.81,17.048
28.0,14.913,60.435,24.87
29.0,14.377,64.182,24.682
30.0,15.168,59.818,33.455
1.0,15.673,49.636,30.818
2.0,14.795,51.045,30.273
3.0,10.333,80.556,31.444
17.0,18.143,68.217,47.913
18.0,17.157,70.696,37.391
19.0,15.389,76.789,26.895
20.0,14.367,87.333,19.0
21.0,15.705,82.15,22.45
22.0,13.838,90.81,17.667
23.0,11.618,94.045,13.045
24.0,12.861,72.957,23.783
25.0,14.495,67.1,29.55
26.0,14.786,82.682,12.0
27.0,15.735,78.55,15.5
28.0,17.582,66.773,30.818
29.0,17.905,69.048,30.714
30.0,18.035,74.391,19.913
31.0,18.3,72.048,23.714
1.0,18.086,72.182,31.636
2.0,14.09,85.45,27.25
3.0,15.295,71.429,19.667
4.0,17.064,70.591,31.0
5.0,17.076,68.238,32.286
6.0,16.4,61.391,26.696
7.0,13.586,80.818,22.045
8.0,14.814,76.045,23.318
9.0,16.13,71.087,28.957
10.0,15.357,77.739,27.87
11.0,16.089,68.222,23.722
12.0,12.672,87.389,19.611
13.0,8.084,94.368,9.0
14.0,12.809,73.043,30.0
15.0,14.958,72.421,35.316
16.0,17.013,63.522,18.348
17.0,18.681,59.238,23.286
18.0,17.491,65.455,30.091
19.0,15.145,80.545,28.227
20.0,16.67,61.3,26.5
21.0,15.959,66.091,34.136
22.0,15.536,66.318,36.136
23.0,14.768,77.909,25.364
24.0,13.026,79.87,34.13
25.0,15.6,62.773,17.091
26.0,16.162,58.81,20.381
27.0,12.661,75.696,51.565
28.0,14.339,64.261,59.043
29.0,13.33,58.261,47.435
30.0,13.119,57.286,70.619
1.0,15.665,41.696,44.0
2.0,19.329,27.286,45.286
13.0,13.372,69.111,37.222
14.0,14.191,65.87,39.478
15.0,12.668,71.636,42.364
16.0,10.878,69.556,35.667
17.0,14.927,37.909,37.545
18.0,12.67,51.304,48.13
19.0,14.6,49.522,37.652
20.0,14.623,51.682,40.227
21.0,14.091,58.455,16.909
22.0,14.417,52.304,19.522
23.0,11.726,74.043,41.565
24.0,9.735,77.739,80.174
25.0,8.923,83.227,69.182
26.0,10.19,77.143,30.952
27.0,8.704,87.522,39.522
28.0,10.57,71.043,29.696
29.0,12.136,64.364,12.318
30.0,13.004,64.913,25.087
31.0,11.035,77.609,54.217
1.0,10.757,70.304,73.478
2.0,9.135,77.696,32.261
3.0,7.719,78.619,28.0
4.0,11.222,52.087,19.826
5.0,12.578,52.391,26.087
6.0,7.738,75.188,35.438
7.0,8.452,71.762,63.143
8.0,10.139,65.565,40.652
9.0,11.383,49.043,25.391
10.0,12.787,58.261,22.696
11.0,11.448,64.739,29.826
12.0,12.991,53.478,22.609
13.0,10.924,68.294,33.0
14.0,11.009,67.304,38.043
15.0,7.678,59.696,37.565
16.0,8.935,63.261,56.435
17.0,9.313,45.696,38.565
18.0,9.382,43.591,46.0
19.0,10.143,45.348,41.435
20.0,12.283,43.87,54.0
21.0,10.448,48.652,42.652
22.0,11.427,52.727,74.091
23.0,13.42,45.95,61.25
24.0,11.926,56.348,46.696
25.0,13.543,48.696,46.13
26.0,13.991,49.696,35.522
27.0,14.891,52.478,39.087
28.0,14.822,50.652,36.13
29.0,12.53,46.85,32.15
30.0,12.965,35.0,31.957
31.0,14.239,36.826,49.652
1.0,15.291,38.913,39.826
2.0,15.564,42.318,44.364
3.0,14.765,43.87,38.957
4.0,15.361,41.565,36.696
5.0,15.057,46.217,46.913
6.0,13.957,57.261,57.174
7.0,13.496,58.565,44.391
8.0,14.089,47.947,41.789
9.0,14.809,29.217,25.087
10.0,15.148,34.217,38.652
11.0,13.104,48.957,36.696
12.0,14.278,45.217,33.217
13.0,14.448,38.913,43.652
14.0,14.97,40.783,45.783
15.0,14.339,27.913,30.609
16.0,15.182,21.409,24.091
17.0,15.387,27.957,35.826
18.0,15.119,28.524,49.095
19.0,16.03,30.304,39.739
20.0,16.165,46.95,54.85
21.0,14.652,52.739,58.435
22.0,14.861,50.522,48.217
23.0,15.261,51.0,46.0
24.0,15.687,49.957,49.826
25.0,16.239,49.696,53.174
26.0,15.33,55.0,47.15
27.0,15.726,47.522,37.87
28.0,16.074,38.348,32.696
1.0,16.881,39.81,46.81
2.0,15.604,48.043,27.957
3.0,15.113,54.13,41.522
4.0,13.73,57.696,32.957
5.0,14.461,39.739,27.217
6.0,14.626,35.609,33.652
7.0,14.526,44.783,29.783
8.0,15.096,41.0,22.739
9.0,13.65,53.682,16.0
10.0,14.105,49.182,18.773
11.0,15.004,37.043,25.391
12.0,15.926,38.435,52.435
13.0,14.726,55.739,43.0
14.0,16.555,43.05,35.5
15.0,17.061,40.304,36.913
16.0,17.191,27.591,30.818
17.0,14.0,41.565,35.348
18.0,14.687,43.391,33.652
19.0,17.388,47.25,31.125
20.0,16.291,57.913,60.043
21.0,16.631,60.308,43.769
22.0,18.2,43.05,40.25
23.0,17.569,43.385,23.154
24.0,14.5,50.0,50.0
25.0,14.988,55.941,35.882
26.0,16.168,56.136,37.318
27.0,16.2,46.2,37.9
28.0,18.578,36.13,34.261
29.0,15.791,58.565,48.522
30.0,11.359,77.824,28.294
31.0,16.991,46.773,38.727
1.0,16.07,52.478,39.304
2.0,16.278,50.0,39.174
3.0,17.517,45.696,33.739
4.0,18.443,38.043,41.826
5.0,18.23,43.261,41.087
6.0,17.887,33.348,39.652
7.0,18.078,25.13,29.522
8.0,13.417,51.174,48.522
9.0,13.843,33.696,44.391
10.0,16.082,29.864,56.864
11.0,17.782,24.091,45.273
12.0,19.004,23.174,45.652
13.0,19.796,39.478,49.174
14.0,18.752,43.565,37.522
15.0,14.206,70.167,38.0
30.0,15.957,63.87,49.739
1.0,16.4,54.684,33.737
2.0,16.965,44.652,30.609
3.0,12.247,78.471,36.941
4.0,15.026,66.435,29.913
5.0,15.947,36.267,26.267
6.0,17.913,55.2,37.667
27.0,13.475,86.4,27.9
28.0,14.043,79.261,20.522
29.0,16.07,59.13,22.261
30.0,14.583,79.043,25.87
31.0,13.189,88.579,17.526
1.0,14.604,66.174,16.739
2.0,14.426,67.957,22.609
3.0,14.691,71.087,24.261
4.0,15.19,74.048,15.286
5.0,15.548,77.261,17.13
6.0,14.741,82.318,14.091
7.0,15.271,81.381,11.952
8.0,15.073,82.955,18.682
9.0,16.983,70.957,19.565
10.0,17.141,69.364,27.636
11.0,15.765,73.696,24.0
12.0,17.8,66.522,31.609
13.0,17.957,56.913,38.261
14.0,18.583,56.13,36.217
15.0,19.018,47.636,27.636
16.0,17.4,55.609,30.609
17.0,15.986,76.409,20.955
18.0,15.367,77.667,20.286
19.0,15.541,75.227,24.636
20.0,12.863,87.684,21.316
21.0,15.635,77.913,22.696
22.0,16.478,70.043,25.261
23.0,14.686,83.667,24.571
24.0,13.944,86.722,17.722
25.0,13.7,90.652,14.739
26.0,13.786,88.636,13.727
27.0,14.055,85.1,16.2
28.0,15.9,70.478,12.13
29.0,14.065,79.95,16.95
30.0,12.055,93.0,13.0
1.0,13.517,82.304,16.87
2.0,14.674,77.913,26.043
3.0,14.074,81.0,25.913
4.0,12.664,89.364,14.682
5.0,13.378,83.478,14.435
6.0,12.97,84.7,16.55
7.0,13.0,86.0,21.3
8.0,14.409,75.5,22.318
9.0,14.032,77.818,24.364
10.0,13.723,80.909,22.136
11.0,15.065,73.261,28.391
12.0,15.482,67.091,24.727
13.0,15.035,68.65,18.35
14.0,13.8,76.591,24.682
15.0,14.595,78.0,24.7
16.0,13.513,84.783,16.739
17.0,14.443,80.333,21.81
18.0,14.01,80.9,22.2
19.0,17.158,57.211,15.579
20.0,16.665,56.696,14.609
21.0,16.785,56.25,24.45
22.0,16.057,63.0,25.522
23.0,13.078,79.739,19.261
24.0,13.204,76.522,18.304
25.0,15.174,70.043,27.739
26.0,16.422,62.13,27.826
27.0,16.065,70.261,26.174
28.0,14.255,73.955,27.773
29.0,14.909,72.652,25.565
30.0,14.986,76.682,21.318
31.0,16.409,66.318,34.273
1.0,17.879,53.474,36.789
2.0,19.336,44.5,32.071
3.0,16.391,56.043,24.957
4.0,15.33,71.45,26.2
5.0,14.696,73.826,25.217
6.0,14.522,69.087,20.739
7.0,14.836,76.909,19.636
8.0,13.573,75.045,14.636
9.0,15.387,68.043,23.696
10.0,16.291,70.0,21.478
11.0,14.286,75.952,16.762
12.0,13.665,86.217,14.043
13.0,14.14,79.15,17.95
14.0,14.143,74.13,16.957
15.0,15.22,72.05,25.45
16.0,16.427,65.545,18.773
17.0,15.891,69.522,22.826
18.0,13.618,80.765,21.647
19.0,13.132,82.045,18.682
20.0,14.83,69.783,22.261
21.0,14.327,73.682,40.591
22.0,14.43,68.913,36.696
23.0,14.078,76.522,24.261
24.0,14.122,77.087,16.13
25.0,16.248,65.048,27.381
26.0,16.629,61.524,26.667
12.0,8.87,74.435,22.783
13.0,8.648,78.913,49.087
14.0,9.117,74.087,56.826
15.0,12.909,56.136,33.318
16.0,14.81,52.05,21.65
17.0,14.448,49.304,21.609
18.0,15.683,51.435,40.261
19.0,15.165,51.391,47.261
20.0,15.2,58.261,35.087
21.0,16.33,54.391,37.478
22.0,16.939,43.957,38.217
23.0,17.209,28.087,43.957
24.0,16.848,37.043,50.652
25.0,16.057,50.609,41.87
26.0,15.522,45.13,36.087
27.0,14.948,40.217,34.739
28.0,15.404,40.739,30.0
4.0,17.339,42.261,53.217
5.0,15.639,51.522,54.522
6.0,13.748,63.913,63.043
7.0,14.278,59.739,52.522
8.0,14.841,56.636,44.0
9.0,14.939,46.261,41.696
10.0,10.8,68.444,23.0
9.0,17.6,48.174,47.826
10.0,17.048,44.043,44.0
11.0,13.209,76.045,50.364
12.0,15.239,63.13,33.565
13.0,15.522,61.087,39.957
14.0,16.274,55.913,38.478
15.0,16.374,53.826,38.913
16.0,17.061,46.174,42.696
17.0,16.47,52.043,47.348
18.0,17.178,45.696,35.696
19.0,17.022,42.913,24.609
20.0,17.691,38.783,34.565
21.0,13.9,63.75,44.25
30.0,12.9,74.833,36.333
1.0,14.465,56.739,31.391
2.0,12.674,75.913,35.391
3.0,15.296,62.304,27.217
4.0,14.922,68.043,31.783
5.0,15.913,63.739,35.043
6.0,14.37,67.25,26.5
7.0,14.9,66.5,25.591
8.0,15.819,61.476,23.81
9.0,17.155,55.136,35.045
10.0,17.248,52.0,32.261
11.0,17.057,49.048,33.81
12.0,13.836,72.455,27.182
13.0,13.168,80.5,33.364
14.0,13.809,71.818,20.545
15.0,14.378,72.652,29.348
16.0,14.222,75.391,26.435
17.0,15.4,67.591,21.182
18.0,16.85,56.864,29.0
19.0,15.657,65.217,43.826
20.0,15.268,69.091,37.091
21.0,16.009,59.0,38.609
22.0,10.612,87.875,12.75
27.0,14.8,72.391,33.565
28.0,14.062,73.905,25.381
29.0,13.343,77.174,26.87
30.0,11.961,83.957,26.522
31.0,11.187,85.913,17.435
1.0,13.257,75.13,22.609
2.0,14.239,71.043,31.043
3.0,14.883,67.304,42.217
4.0,15.473,63.636,35.182
5.0,14.404,77.217,33.652
6.0,14.474,83.565,25.174
7.0,16.095,70.818,20.182
8.0,15.47,53.435,27.783
9.0,15.383,51.261,34.304
10.0,16.922,56.348,46.087
11.0,17.664,59.818,40.318
12.0,16.3,67.043,32.435
13.0,15.078,77.565,25.783
14.0,14.939,78.957,11.696
15.0,14.339,82.652,19.0
16.0,15.109,75.609,24.87
17.0,15.235,74.826,34.391
18.0,13.987,85.435,25.826
19.0,14.814,76.81,21.619
20.0,13.865,82.435,16.478
21.0,14.217,76.13,18.0
22.0,15.026,73.522,38.348
23.0,14.717,71.87,52.478
24.0,13.886,75.286,54.286
25.0,13.383,79.304,33.87
26.0,13.991,76.0,35.364
27.0,13.832,77.682,38.136
28.0,13.657,84.87,26.478
29.0,13.474,88.043,41.435
30.0,13.539,85.957,27.783
1.0,13.689,82.842,21.789
2.0,12.713,89.261,25.522
3.0,12.865,84.13,28.565
4.0,12.952,84.826,25.522
5.0,14.159,75.818,16.864
6.0,13.657,80.435,26.87
7.0,14.43,71.739,36.609
8.0,13.47,70.696,30.565
9.0,12.513,74.348,28.87
10.0,12.809,78.391,29.174
11.0,13.148,72.87,42.304
12.0,13.517,68.261,23.391
13.0,14.957,55.13,49.087
14.0,15.786,58.909,45.545
15.0,16.132,65.364,34.273
16.0,15.526,65.304,32.435
17.0,14.796,70.696,34.87
18.0,14.287,81.217,29.174
19.0,14.717,78.87,16.13
20.0,14.161,75.609,22.696
21.0,13.445,79.727,24.5
22.0,14.165,79.261,21.348
23.0,13.574,79.522,24.957
24.0,14.096,72.174,24.652
25.0,15.943,63.87,26.304
26.0,16.714,58.818,23.5
27.0,16.926,57.478,29.609
28.0,16.757,61.174,36.261
29.0,16.53,61.739,37.478
30.0,16.0,66.174,32.0
31.0,15.357,62.304,39.826
1.0,14.783,67.913,29.87
2.0,15.314,71.636,27.591
3.0,16.07,66.87,34.348
4.0,15.43,72.304,37.783
5.0,15.279,71.789,27.579
6.0,15.891,61.304,29.478
7.0,15.8,63.381,28.857
8.0,15.535,68.522,25.13
9.0,16.643,60.174,20.13
10.0,16.487,56.696,25.87
11.0,13.99,70.714,27.286
12.0,13.578,74.652,21.913
13.0,13.061,78.609,17.783
14.0,14.877,69.727,28.909
15.0,15.626,58.957,23.739
16.0,15.926,63.609,21.609
17.0,13.248,82.609,18.391
18.0,13.443,79.783,20.652
19.0,15.13,72.304,21.348
20.0,15.257,71.304,31.739
23.0,14.604,75.043,18.435
24.0,15.235,70.957,26.348
25.0,14.839,69.13,18.609
26.0,14.364,70.273,16.955
27.0,14.265,69.652,21.391
28.0,13.639,76.348,25.0
29.0,14.652,76.0,24.261
30.0,14.152,79.174,12.0
31.0,13.891,77.435,23.217
1.0,14.674,74.391,24.87
2.0,14.413,84.174,25.348
3.0,13.757,83.826,26.174
4.0,13.836,80.364,27.636
5.0,13.936,79.0,22.864
6.0,14.991,76.783,19.174
7.0,16.2,66.565,28.391
8.0,16.03,65.565,32.0
9.0,16.323,61.182,29.136
10.0,15.223,67.591,28.955
11.0,14.887,67.783,16.696
12.0,15.039,73.391,31.0
13.0,13.918,80.591,21.909
14.0,13.21,88.81,27.286
15.0,15.243,80.043,27.391
16.0,14.1,86.087,17.87
17.0,13.737,83.579,18.368
18.0,15.043,77.565,24.435
19.0,15.574,66.043,20.522
20.0,15.35,70.545,20.5
21.0,15.243,73.217,29.957
22.0,14.213,68.739,24.174
23.0,14.504,64.696,28.261
24.0,14.936,72.045,27.318
25.0,13.514,79.409,20.955
26.0,10.783,92.652,17.0
27.0,12.509,85.217,14.739
28.0,11.361,86.826,15.87
29.0,12.014,78.364,19.864
30.0,11.87,78.0,24.348
1.0,12.035,77.348,25.348
2.0,12.761,57.565,29.087
3.0,14.043,43.652,32.87
4.0,15.835,59.783,38.391
5.0,16.904,62.87,48.043
6.0,15.33,62.783,38.957
7.0,15.743,56.304,32.304
8.0,16.036,57.364,41.273
9.0,15.157,67.522,36.478
10.0,14.491,65.652,23.348
11.0,15.361,66.391,27.826
12.0,16.604,56.478,31.826
13.0,16.061,53.478,28.391
14.0,13.622,75.087,24.826
15.0,13.633,71.095,23.238
16.0,12.52,76.75,29.05
17.0,10.377,93.455,12.545
18.0,10.096,93.87,7.174
19.0,10.936,81.182,22.773
20.0,13.961,63.087,29.957
21.0,13.961,63.522,30.348
22.0,15.187,75.957,31.391
23.0,15.365,71.043,17.739
24.0,15.287,65.261,14.957
25.0,14.813,73.304,28.174
26.0,12.87,91.261,51.696
27.0,14.75,79.591,23.818
28.0,13.526,86.957,25.348
29.0,14.922,70.739,21.348
30.0,14.183,71.739,14.696
31.0,14.464,74.182,12.591
1.0,14.609,72.591,22.045
2.0,14.291,72.091,15.955
3.0,14.687,71.478,20.478
4.0,15.57,66.957,31.087
5.0,15.378,57.522,35.348
6.0,14.439,67.696,31.565
7.0,14.974,69.826,31.043
8.0,12.561,86.304,10.435
9.0,16.594,60.882,27.882
10.0,15.591,53.5,32.545
11.0,16.135,54.261,38.087
12.0,15.022,59.087,37.304
13.0,12.552,78.435,19.565
14.0,11.465,81.739,16.13
15.0,11.757,78.435,16.217
16.0,14.47,70.13,28.13
17.0,15.335,66.739,26.217
18.0,15.4,66.0,42.217
19.0,13.891,73.0,52.087
20.0,14.27,69.739,43.043
21.0,14.691,64.913,38.652
22.0,11.357,82.217,18.304
23.0,11.783,80.522,79.087
24.0,14.261,64.783,50.0
25.0,14.717,64.13,42.348
26.0,14.314,72.667,59.714
27.0,13.183,75.565,58.913
28.0,14.165,71.478,46.826
29.0,14.174,61.13,31.391
30.0,15.274,52.87,67.957
2.0,14.691,67.304,69.043
3.0,10.878,85.739,39.522
4.0,10.738,85.571,59.762
5.0,10.791,79.304,40.826
6.0,9.835,81.13,47.304
7.0,10.439,75.522,40.435
8.0,11.583,71.522,48.783
9.0,12.35,62.5,48.5
10.0,13.122,60.652,59.783
11.0,13.443,55.087,49.043
12.0,13.791,59.391,28.826
13.0,12.877,66.409,11.045
14.0,12.477,68.591,24.864
15.0,14.073,47.273,25.5
16.0,14.957,40.391,18.87
17.0,15.377,48.682,22.864
18.0,10.148,79.087,53.652
19.0,11.409,72.522,79.565
20.0,13.248,65.095,74.238
21.0,14.517,54.304,47.913
22.0,14.065,62.739,51.739
23.0,13.004,63.043,31.696
24.0,14.143,56.13,42.739
25.0,14.243,60.304,57.478
26.0,14.317,56.174,33.13
27.0,13.77,50.522,19.087
28.0,13.565,35.565,29.348
29.0,14.665,44.13,21.696
30.0,15.574,54.565,40.826
31.0,16.23,51.783,50.609
1.0,14.143,65.652,86.435
2.0,13.148,70.87,34.522
3.0,13.474,69.217,30.783
4.0,10.791,78.773,39.591
5.0,11.387,63.304,19.217
6.0,11.143,54.095,17.143
7.0,10.539,51.913,17.348
8.0,10.761,44.609,18.783
9.0,12.541,20.182,19.136
10.0,11.33,49.087,13.478
11.0,11.348,30.565,16.435
12.0,10.3,42.739,29.522
13.0,6.804,83.826,14.217
14.0,10.426,70.348,9.435
15.0,11.161,37.783,15.478
16.0,11.861,16.391,18.0
17.0,12.448,23.0,22.913
18.0,11.126,40.435,46.043
19.0,9.23,64.652,53.261
20.0,10.713,48.87,46.0
21.0,12.85,33.85,40.4
22.0,10.848,45.652,46.565
23.0,10.97,28.087,37.043
24.0,11.774,44.739,38.435
25.0,12.887,39.826,41.652
26.0,11.987,43.478,31.304
27.0,11.463,30.105,29.263
28.0,6.048,53.696,64.174
29.0,8.665,49.35,106.75
30.0,12.987,30.609,23.348
31.0,14.196,43.913,22.478
1.0,14.665,33.043,30.217
2.0,15.665,27.435,24.957
3.0,15.939,35.217,33.348
4.0,12.83,49.174,73.652
5.0,12.383,51.435,68.609
6.0,11.783,42.87,48.174
7.0,11.373,16.364,26.545
8.0,10.63,26.739,60.522
9.0,7.126,58.043,49.13
10.0,7.787,65.348,53.174
11.0,10.03,51.043,55.087
12.0,10.727,36.727,41.5
13.0,9.861,34.957,39.174
14.0,12.745,31.591,55.273
15.0,13.861,33.217,50.435
16.0,13.683,31.435,59.609
17.0,13.461,20.696,43.0
18.0,12.935,23.522,55.304
19.0,14.509,31.522,63.609
20.0,14.052,38.391,55.783
21.0,15.917,40.87,44.391
22.0,15.604,48.304,45.174
23.0,15.477,42.5,38.909
24.0,14.957,44.696,66.0
25.0,14.461,52.913,71.739
26.0,14.504,50.348,61.826
27.0,11.126,69.217,47.174
28.0,13.736,53.955,18.682
29.0,12.478,62.174,36.391
1.0,12.878,62.957,42.826
2.0,9.518,82.318,27.682
3.0,11.857,64.348,29.913
10.0,7.268,50.591,10.409
11.0,8.709,38.565,13.652
12.0,12.473,36.955,25.0
13.0,15.783,28.565,32.652
14.0,16.517,38.087,46.304
15.0,17.413,35.696,34.304
16.0,16.909,41.304,42.522
17.0,16.2,44.696,42.522
18.0,15.678,44.13,29.739
19.0,14.822,34.261,19.0
20.0,11.196,63.696,40.565
21.0,10.57,66.522,36.609
22.0,13.596,58.609,40.087
23.0,14.317,54.087,28.087
24.0,16.187,41.913,14.435
25.0,16.13,42.609,15.913
26.0,15.891,35.318,15.045
27.0,18.771,21.095,18.333
28.0,17.596,33.826,30.826
29.0,17.665,31.261,21.478
30.0,18.157,29.696,25.043
31.0,18.161,29.696,32.217
1.0,17.643,30.783,25.435
2.0,18.157,27.043,26.957
3.0,16.148,46.783,39.565
4.0,17.791,36.217,51.043
5.0,17.914,32.273,54.182
6.0,18.759,34.091,55.773
7.0,17.891,33.304,56.217
8.0,17.435,42.609,60.565
9.0,17.543,46.261,54.565
10.0,17.904,42.391,43.913
11.0,18.727,37.864,50.136
12.0,18.991,38.043,44.783
13.0,19.409,34.739,46.478
14.0,19.017,20.0,32.696
15.0,18.783,19.087,35.043
16.0,18.191,23.522,40.174
17.0,18.061,31.087,46.391
18.0,16.317,44.478,49.348
19.0,14.813,61.478,47.304
20.0,12.696,72.739,40.087
21.0,13.552,60.174,22.087
22.0,11.835,75.522,24.391
23.0,13.291,65.043,31.087
24.0,15.087,50.435,18.783
25.0,16.004,32.087,19.0
26.0,16.643,42.826,27.696
27.0,18.087,23.522,28.174
28.0,19.273,23.636,38.273
29.0,19.4,29.6,26.8
4.0,19.039,42.348,69.87
5.0,18.039,53.87,51.13
6.0,19.521,35.632,33.421
7.0,19.622,24.435,30.13
8.0,17.878,47.826,29.957
9.0,17.27,58.391,37.217
10.0,17.0,57.478,37.696
11.0,15.435,69.043,40.652
12.0,15.243,69.217,32.174
13.0,15.352,56.304,34.826
14.0,14.861,65.174,43.957
15.0,14.538,75.308,45.769
16.0,15.836,58.727,22.591
17.0,15.8,57.609,30.0
18.0,16.895,57.762,37.095
19.0,17.822,51.087,41.304
20.0,19.062,42.048,43.286
21.0,18.67,55.261,46.13
22.0,19.152,54.174,35.522
23.0,17.37,59.696,28.174
24.0,18.426,52.957,36.957
25.0,19.565,45.696,34.478
26.0,16.07,67.565,38.478
27.0,16.096,64.87,37.652
28.0,17.33,56.913,31.043
29.0,17.135,60.087,22.217
30.0,17.065,59.826,39.13
31.0,16.843,59.478,31.826
1.0,16.126,64.609,37.043
2.0,15.143,69.13,26.783
3.0,15.339,65.261,49.261
4.0,14.691,59.304,25.0
5.0,13.243,70.087,25.522
6.0,13.167,75.556,34.778
7.0,13.82,72.8,34.0
8.0,15.004,61.913,35.261
9.0,15.591,61.609,34.826
10.0,13.9,71.125,31.625
11.0,15.385,74.846,36.923
12.0,14.904,77.043,24.0
13.0,15.27,73.565,22.522
14.0,15.278,71.565,32.261
15.0,16.519,63.381,10.238
16.0,15.759,66.091,19.773
17.0,16.17,64.0,27.609
18.0,15.552,62.435,27.739
19.0,14.143,68.696,16.609
20.0,13.357,82.565,12.174
21.0,13.67,80.304,13.217
22.0,14.122,69.478,22.913
23.0,13.987,69.13,29.609
24.0,14.218,71.0,33.588
25.0,14.209,80.087,29.174
26.0,14.274,81.87,16.652
27.0,14.581,78.476,20.0
28.0,14.33,71.739,16.826
29.0,13.717,75.217,21.087
30.0,14.0,75.043,23.304
1.0,13.665,82.261,21.0
2.0,14.918,73.773,20.773
3.0,15.473,63.955,18.227
4.0,14.7,69.5,28.364
5.0,14.387,71.174,15.826
6.0,13.883,76.087,21.478
7.0,14.726,72.391,27.478
8.0,15.948,65.783,34.957
9.0,16.257,62.087,28.522
10.0,15.026,69.435,31.826
11.0,13.432,84.421,16.789
12.0,13.139,81.913,22.913
13.0,13.452,77.043,24.87
14.0,13.845,76.364,24.273
15.0,14.674,58.348,56.783
16.0,13.678,72.478,36.391
17.0,13.495,75.045,18.682
18.0,14.25,75.455,19.136
19.0,13.77,74.739,15.739
20.0,13.27,75.261,14.087
21.0,13.5,79.217,18.174
22.0,13.7,81.273,17.955
23.0,15.052,70.217,12.087
24.0,15.235,69.174,21.0
25.0,15.287,72.261,25.913
26.0,14.632,71.136,22.773
27.0,14.378,75.261,31.913
28.0,13.339,76.217,22.478
29.0,14.852,70.478,23.391
30.0,13.726,77.652,18.435
31.0,13.739,79.217,23.435
1.0,14.183,74.435,34.652
2.0,13.9,77.217,30.783
3.0,15.287,70.391,27.043
4.0,15.762,64.81,18.0
5.0,14.087,78.739,19.217
6.0,13.878,87.783,10.0
7.0,14.927,83.0,9.818
8.0,14.491,83.304,16.957
9.0,15.557,75.043,24.087
10.0,14.678,78.609,18.739
11.0,15.257,67.696,26.478
12.0,15.252,64.652,28.87
13.0,16.826,54.435,25.739
14.0,16.348,59.348,25.043
15.0,15.543,64.087,28.261
16.0,14.026,80.696,16.957
17.0,14.491,81.455,17.636
18.0,15.819,70.524,15.714
19.0,14.948,75.13,19.261
20.0,14.139,77.174,14.913
21.0,14.359,71.864,18.136
22.0,13.948,71.0,28.217
23.0,13.6,73.739,25.304
24.0,13.091,80.227,23.955
25.0,13.913,69.478,21.87
26.0,13.983,75.043,33.478
27.0,15.018,72.682,30.455
28.0,15.13,73.609,22.522
29.0,15.519,72.571,25.19
30.0,15.761,66.087,30.609
31.0,15.896,61.304,30.261
1.0,14.917,75.087,27.696
2.0,14.426,79.217,20.609
3.0,13.777,84.864,15.318
4.0,13.1,91.391,9.565
5.0,13.77,82.652,20.348
6.0,14.426,78.913,19.391
7.0,14.148,72.304,26.087
8.0,15.2,63.217,33.261
9.0,15.818,54.5,38.5
10.0,15.909,56.364,40.864
11.0,14.981,70.571,31.048
12.0,14.835,74.87,38.0
13.0,15.752,67.261,32.739
14.0,15.422,63.304,31.565
15.0,15.305,69.238,34.762
16.0,14.596,75.739,18.957
17.0,15.048,77.174,21.391
18.0,15.657,72.304,15.565
19.0,15.487,67.565,19.609
20.0,13.7,69.238,23.143
21.0,12.941,77.727,14.818
22.0,13.291,74.435,19.304
23.0,14.047,74.294,37.412
24.0,13.864,74.773,27.273
25.0,14.296,78.565,27.391
26.0,14.414,78.136,18.455
27.0,13.218,85.5,13.136
28.0,12.935,89.652,11.696
29.0,14.11,84.286,13.286
30.0,13.973,78.0,20.909
1.0,14.083,75.722,28.611
2.0,15.137,71.316,19.368
3.0,15.959,69.818,31.273
4.0,16.687,65.609,30.696
5.0,16.878,55.739,25.478
6.0,16.545,52.091,28.273
7.0,14.713,67.13,31.304
8.0,13.591,71.087,17.087
9.0,11.191,88.348,6.957
10.0,12.276,76.381,21.381
11.0,14.422,73.833,30.667
12.0,14.832,73.864,35.182
13.0,15.059,68.273,23.227
14.0,13.6,66.913,28.391
15.0,14.248,64.609,33.913
16.0,14.157,62.0,22.391
17.0,14.561,66.957,33.609
18.0,15.5,56.909,32.091
19.0,15.009,53.261,33.0
20.0,13.643,66.957,34.391
21.0,11.25,81.545,16.682
22.0,11.626,80.043,17.609
23.0,13.023,74.455,15.5
24.0,14.545,66.864,22.955
25.0,12.674,67.783,28.391
26.0,12.291,64.609,26.609
27.0,10.186,71.091,18.318
28.0,9.087,72.304,20.0
29.0,11.005,68.136,18.591
30.0,11.87,72.087,16.739
31.0,11.777,78.909,24.0
1.0,13.774,64.0,27.739
2.0,14.15,67.045,24.182
3.0,12.727,78.636,21.727
4.0,12.688,75.375,19.625
5.0,12.152,76.696,17.435
6.0,13.952,71.522,26.652
7.0,14.804,60.304,33.565
8.0,12.473,75.773,38.682
9.0,9.591,90.13,16.391
10.0,10.119,91.125,24.188
11.0,9.965,92.043,45.043
12.0,11.158,85.158,23.421
13.0,11.114,81.409,44.227
14.0,12.309,74.087,38.739
15.0,12.168,81.091,35.0
16.0,9.79,90.762,24.238
17.0,12.043,75.286,41.952
18.0,12.9,70.591,39.0
19.0,8.345,86.455,18.0
20.0,9.052,78.048,16.571
21.0,11.023,60.318,25.864
22.0,12.148,55.13,36.609
23.0,11.887,49.783,39.261
24.0,10.817,59.043,35.522
25.0,10.461,63.957,57.217
26.0,8.961,71.826,34.435
27.0,10.37,69.435,32.783
28.0,10.189,48.667,14.333
29.0,14.548,52.476,23.81
30.0,15.377,53.0,31.182
1.0,14.796,56.348,27.348
2.0,14.283,60.174,35.696
3.0,14.587,52.826,21.304
4.0,14.19,54.476,24.905
5.0,12.974,55.435,15.783
6.0,13.861,36.478,22.783
7.0,14.657,49.087,38.043
8.0,14.413,53.87,54.609
9.0,11.27,79.13,33.13
10.0,10.886,75.952,23.714
11.0,12.271,67.81,28.476
12.0,13.971,52.619,33.048
13.0,13.795,44.182,46.818
14.0,9.612,43.25,25.0
16.0,13.183,72.391,41.696
17.0,14.143,64.478,28.435
18.0,13.122,71.043,28.913
19.0,11.639,75.739,34.0
21.0,12.994,52.056,34.722
22.0,12.43,53.565,41.87
23.0,12.091,56.304,57.652
24.0,13.291,49.783,36.739
25.0,13.265,45.391,42.826
26.0,13.326,47.783,35.043
27.0,12.461,55.739,41.696
28.0,13.443,61.478,29.739
29.0,12.422,60.391,40.87
30.0,10.817,70.565,23.652
31.0,12.527,59.318,26.455
1.0,12.343,60.435,35.174
2.0,13.67,42.957,36.304
3.0,13.952,44.087,48.739
4.0,15.087,30.478,34.348
5.0,15.561,35.435,36.565
6.0,16.074,37.826,42.565
7.0,13.257,51.696,53.739
8.0,7.683,71.826,58.348
9.0,9.261,50.87,57.522
10.0,11.057,45.696,52.304
11.0,11.948,45.261,47.0
12.0,12.835,36.348,43.435
13.0,12.07,41.087,39.261
14.0,10.313,56.261,52.087
15.0,11.952,44.714,36.381
16.0,12.404,44.522,41.174
17.0,12.422,54.391,35.739
18.0,12.539,59.0,48.783
19.0,13.022,47.826,29.261
20.0,12.609,47.391,29.304
21.0,12.926,35.217,24.826
22.0,13.609,28.217,24.783
23.0,13.713,24.696,39.087
24.0,13.343,41.435,32.609
25.0,13.939,44.261,42.391
26.0,14.791,40.391,56.696
27.0,14.787,38.609,50.652
28.0,13.217,40.435,56.522
29.0,9.061,69.609,61.13
30.0,10.496,60.696,58.478
31.0,12.183,54.0,55.913
1.0,12.67,51.565,46.261
2.0,11.487,54.913,50.739
3.0,11.561,45.0,49.304
4.0,12.027,61.636,48.409
5.0,12.257,57.348,36.652
6.0,13.548,50.826,34.957
7.0,13.688,42.176,51.353
8.0,14.822,32.522,48.174
9.0,13.448,28.913,48.826
10.0,12.496,42.957,55.609
11.0,14.677,22.636,36.091
12.0,14.787,32.826,46.391
13.0,14.043,41.261,55.217
14.0,13.909,42.435,39.565
15.0,13.413,30.478,36.043
16.0,12.057,49.304,44.783
17.0,11.804,42.13,36.609
18.0,13.378,28.391,28.261
19.0,12.748,35.304,20.522
20.0,10.98,53.6,14.4
21.0,12.33,54.13,51.13
22.0,13.422,37.13,46.783
23.0,14.048,34.913,38.435
24.0,14.057,22.217,23.435
25.0,13.964,31.455,47.909
26.0,14.9,37.913,34.304
27.0,15.917,34.348,41.478
28.0,16.513,35.304,46.87
1.0,16.735,35.304,55.826
2.0,12.896,56.043,51.565
3.0,11.952,64.783,42.87
4.0,11.596,70.304,43.435
5.0,12.309,64.261,37.652
6.0,14.57,47.174,37.783
7.0,14.852,42.391,42.348
8.0,11.822,58.652,38.043
9.0,12.065,65.565,42.652
10.0,12.217,60.826,43.043
11.0,14.296,54.87,34.609
12.0,12.209,67.739,28.696
13.0,11.761,63.957,34.478
14.0,10.704,57.913,29.826
15.0,9.333,79.167,23.333
16.0,10.674,66.652,29.87
17.0,13.122,49.304,39.435
18.0,12.787,43.087,30.522
19.0,12.657,53.174,29.261
20.0,14.309,32.304,26.652
21.0,14.97,27.435,32.13
22.0,15.291,20.913,27.652
23.0,15.147,23.316,33.158
24.0,15.926,42.478,48.522
25.0,15.374,46.435,31.826
26.0,14.509,52.87,28.522
27.0,15.47,43.565,29.217
28.0,16.861,35.522,24.609
29.0,16.696,24.565,28.13
30.0,16.9,20.217,27.435
31.0,16.17,28.217,39.739
1.0,17.126,23.174,31.87
2.0,16.5,27.087,34.696
3.0,16.552,15.478,33.087
4.0,13.512,18.125,27.25
11.0,15.287,47.478,45.696
12.0,13.665,48.652,29.783
13.0,13.17,56.913,31.478
14.0,13.873,59.864,32.727
16.0,14.076,54.235,23.471
17.0,12.11,63.95,29.05
18.0,10.183,71.304,33.348
19.0,12.152,53.261,31.391
20.0,13.652,50.13,35.261
21.0,14.987,51.348,40.348
22.0,16.813,39.174,35.913
23.0,13.535,50.826,27.696
24.0,15.9,49.652,45.261
25.0,16.509,36.043,50.478
26.0,17.713,23.609,41.739
27.0,17.813,26.478,57.609
28.0,19.291,22.565,37.826
29.0,19.583,21.696,46.522
30.0,20.052,18.043,33.522
1.0,18.139,30.696,60.478
2.0,17.213,42.174,60.565
3.0,17.043,44.957,64.739
4.0,14.804,62.174,57.739
5.0,14.478,57.565,36.913
6.0,15.909,46.522,36.696
7.0,16.255,53.864,39.727
8.0,15.739,63.0,45.739
9.0,16.078,58.609,49.304
10.0,17.104,52.652,48.957
11.0,16.93,53.13,40.739
12.0,16.352,52.783,32.783
13.0,15.448,61.0,28.304
14.0,16.533,58.952,45.571
15.0,18.348,53.0,44.391
16.0,19.361,52.304,47.304
17.0,19.813,50.565,48.565
18.0,19.439,51.522,52.217
19.0,19.713,48.304,55.304
20.0,19.648,41.739,43.783
21.0,18.757,50.435,47.739
22.0,19.113,52.043,44.391
23.0,20.639,44.348,44.478
24.0,17.874,63.217,53.957
25.0,16.191,63.522,28.261
26.0,19.013,41.826,35.696
27.0,17.883,53.0,39.0
28.0,17.478,58.739,37.957
29.0,16.4,58.75,32.188
11.0,17.182,57.5,18.5
12.0,17.491,54.739,29.609
13.0,15.643,66.043,31.043
14.0,14.786,79.227,14.227
15.0,15.748,66.087,16.043
16.0,17.022,57.043,24.217
17.0,17.578,47.087,25.217
18.0,17.396,45.652,25.826
19.0,16.339,50.087,22.043
20.0,14.948,49.391,20.913
21.0,16.017,48.478,24.957
22.0,18.178,49.435,32.826
23.0,18.926,35.0,31.565
24.0,15.704,62.217,25.435
25.0,14.278,73.913,18.13
26.0,13.996,78.261,15.652
27.0,14.417,74.217,15.957
28.0,13.957,80.087,17.826
29.0,13.874,82.368,23.526
30.0,14.443,76.652,17.348
1.0,13.23,82.65,20.8
2.0,14.178,76.565,14.174
3.0,13.814,78.636,19.682
4.0,13.345,78.318,21.455
5.0,13.691,71.636,21.273
6.0,13.278,72.13,19.174
7.0,12.939,79.043,13.783
8.0,13.195,85.591,12.045
9.0,12.717,86.348,11.783
10.0,13.017,84.348,20.652
11.0,13.122,84.217,19.348
12.0,13.27,81.0,20.913
13.0,14.422,72.739,26.696
14.0,14.913,65.087,33.87
15.0,15.143,61.0,28.913
16.0,15.013,63.522,21.391
17.0,14.991,63.826,29.478
18.0,14.209,69.261,31.043
19.0,14.347,74.263,23.895
20.0,14.13,73.913,26.174
21.0,14.357,72.762,25.619
22.0,13.987,73.0,24.304
23.0,13.0,78.348,19.043
24.0,13.143,78.524,21.667
25.0,13.1,79.913,22.739
26.0,13.491,75.478,19.304
27.0,13.97,75.13,26.652
28.0,14.6,66.174,28.696
29.0,16.217,57.391,25.652
30.0,16.67,56.304,23.304
31.0,16.586,50.364,21.545
1.0,16.009,61.696,28.391
2.0,16.3,69.261,23.609
3.0,15.378,72.435,21.304
4.0,14.75,75.6,23.0
5.0,15.943,70.261,26.87
6.0,16.948,59.0,11.087
7.0,17.661,58.304,25.435
8.0,16.526,59.652,27.435
9.0,14.094,67.556,26.556
10.0,12.847,86.941,6.059
11.0,14.329,75.571,20.524
12.0,14.609,72.261,21.0
13.0,15.365,69.217,18.696
14.0,15.277,66.545,15.545
15.0,16.457,62.87,29.13
16.0,16.391,65.304,16.783
17.0,15.213,69.348,22.391
18.0,16.383,68.444,24.444
19.0,15.109,64.87,34.435
20.0,16.03,52.522,35.652
21.0,16.364,45.227,36.045
22.0,15.636,43.955,21.227
23.0,12.69,68.238,22.333
24.0,11.717,73.174,18.087
25.0,9.0,72.136,21.136
26.0,12.652,61.304,42.826
27.0,14.378,45.304,35.609
28.0,12.852,62.478,28.739
29.0,13.839,63.87,26.783
30.0,13.991,65.87,31.913
31.0,14.583,67.87,36.913
1.0,15.043,67.522,38.913
2.0,16.781,56.762,38.19
3.0,16.018,40.364,23.455
4.0,14.691,34.227,20.273
5.0,14.557,39.957,24.391
6.0,15.464,35.636,40.0
7.0,15.7,24.739,30.261
8.0,16.035,28.478,27.652
9.0,12.983,56.913,46.826
10.0,13.035,66.435,39.478
11.0,13.496,65.391,30.0
12.0,13.035,65.391,26.174
13.0,11.817,59.391,21.304
14.0,11.941,63.273,20.227
15.0,12.743,50.652,37.174
16.0,12.822,35.565,29.739
17.0,13.391,43.455,40.273
18.0,14.435,24.087,29.13
19.0,11.31,63.571,19.238
20.0,12.632,55.864,31.636
21.0,13.678,48.739,33.435
22.0,10.391,51.773,36.591
23.0,9.283,51.522,46.261
24.0,10.617,50.13,47.522
25.0,12.622,36.217,42.826
26.0,11.091,35.478,20.043
27.0,9.971,49.0,34.19
28.0,11.6,42.609,48.478
29.0,12.235,34.739,39.783
30.0,10.196,53.13,47.304
1.0,9.991,36.826,52.957
2.0,10.587,54.652,69.217
3.0,11.143,55.0,54.522
4.0,13.739,43.478,45.087
5.0,14.53,38.652,46.826
6.0,13.491,37.043,41.478
7.0,13.513,49.0,30.783
8.0,11.667,48.714,26.952
9.0,6.822,54.435,35.348
10.0,6.891,33.652,34.087
11.0,8.874,23.609,52.435
12.0,10.522,24.391,57.217
13.0,10.674,36.304,60.652
14.0,13.304,31.261,50.87
15.0,13.509,32.318,31.045
16.0,12.683,55.174,22.913
17.0,12.605,55.091,33.682
18.0,13.417,53.391,44.522
19.0,13.109,55.174,47.087
20.0,13.896,45.826,45.739
21.0,14.065,40.565,39.174
22.0,14.065,36.87,36.0
23.0,12.478,52.043,48.913
24.0,13.126,45.652,44.261
25.0,11.07,47.783,50.652
26.0,12.37,44.087,33.565
27.0,12.248,44.261,37.478
28.0,10.883,53.13,45.87
29.0,10.726,58.87,46.0
30.0,11.509,52.435,35.783
31.0,11.957,48.043,48.522
1.0,9.639,60.478,52.565
2.0,10.522,59.391,40.565
3.0,11.817,55.435,46.478
4.0,11.417,59.565,58.913
5.0,13.03,54.043,45.13
6.0,11.374,50.043,41.826
7.0,11.961,44.522,37.217
8.0,11.835,44.391,44.174
9.0,11.682,27.682,37.909
10.0,13.418,31.591,49.045
11.0,13.548,41.087,46.391
12.0,10.509,46.913,37.565
13.0,10.461,31.087,36.739
14.0,6.748,45.87,33.565
15.0,9.086,33.143,57.524
16.0,9.513,35.826,42.043
17.0,8.304,52.696,50.957
18.0,8.565,57.087,49.217
19.0,10.383,41.0,40.556
20.0,11.365,38.0,26.565
21.0,13.257,42.81,24.048
22.0,13.765,44.522,32.043
23.0,11.835,62.391,51.478
24.0,9.761,73.957,38.261
25.0,8.339,77.043,27.348
26.0,10.504,66.217,44.0
27.0,11.257,58.826,28.478
28.0,8.687,77.435,18.478
29.0,6.438,83.923,7.385
2.0,15.091,48.727,44.455
3.0,12.965,56.478,46.696
4.0,14.365,45.826,35.652
5.0,14.668,42.682,31.955
6.0,14.678,41.174,39.87
7.0,13.691,49.435,42.826
8.0,10.8,66.957,27.913
9.0,10.138,73.381,31.476
10.0,11.894,59.889,18.611
11.0,13.33,53.2,17.6
12.0,12.926,61.261,32.435
13.0,12.913,65.13,43.522
14.0,12.861,66.609,34.522
15.0,13.896,48.609,39.609
16.0,15.1,30.818,42.0
17.0,14.63,38.609,37.261
18.0,13.44,41.8,34.0
19.0,13.505,52.182,32.591
20.0,13.145,55.818,26.409
21.0,13.68,52.35,37.2
22.0,14.37,52.522,42.87
23.0,14.391,56.0,44.957
24.0,14.145,57.0,38.6
25.0,14.295,57.238,28.524
26.0,14.957,57.957,33.652
27.0,15.135,57.391,39.826
28.0,16.07,52.957,36.913
1.0,16.291,54.087,49.391
2.0,14.613,58.13,52.826
3.0,15.296,40.739,41.391
4.0,16.052,28.217,32.565
5.0,16.157,37.609,38.391
6.0,15.552,46.0,37.348
7.0,12.557,63.913,41.174
8.0,14.039,56.87,37.913
9.0,16.25,45.636,31.545
10.0,16.738,41.19,31.952
11.0,18.17,30.87,27.0
12.0,15.522,54.304,38.217
13.0,17.139,45.043,33.957
14.0,15.543,51.826,40.957
15.0,16.061,41.783,32.739
16.0,16.296,35.522,32.913
17.0,16.636,31.318,29.727
18.0,16.695,29.318,22.136
19.0,17.957,25.435,24.391
20.0,17.296,33.087,40.478
21.0,14.99,53.476,53.905
22.0,15.543,50.087,35.13
23.0,15.352,46.087,36.783
24.0,17.113,21.609,24.043
25.0,17.426,19.043,23.391
26.0,17.63,38.217,39.652
27.0,17.848,41.261,40.826
28.0,17.173,39.182,40.045
29.0,16.152,45.826,39.13
30.0,12.104,66.87,34.957
31.0,12.277,45.591,26.455
1.0,15.604,31.826,23.826
2.0,16.278,42.565,30.87
3.0,16.943,43.217,28.391
4.0,15.63,50.087,39.957
5.0,14.691,62.913,37.565
6.0,13.443,64.0,38.429
7.0,16.039,37.609,30.783
8.0,16.665,33.435,29.957
9.0,15.983,39.739,33.783
10.0,13.81,57.35,38.65
11.0,13.7,65.231,36.692
12.0,14.626,53.913,22.826
13.0,15.909,43.391,27.826
14.0,15.859,36.727,25.455
15.0,14.565,47.87,36.217
16.0,15.422,46.087,41.435
17.0,17.3,34.739,44.261
18.0,17.804,33.043,36.652
19.0,16.745,31.909,41.455
20.0,16.009,42.696,39.261
21.0,17.37,44.0,41.174
22.0,17.039,51.304,28.0
23.0,16.252,60.435,37.0
24.0,15.378,63.87,36.0
25.0,14.936,61.182,33.364
26.0,16.548,54.522,46.043
27.0,16.209,50.391,41.174
28.0,15.764,61.591,41.136
29.0,16.561,52.435,47.435
30.0,14.717,56.217,37.913
1.0,15.287,54.913,24.565
2.0,15.438,55.952,31.429
3.0,15.874,56.478,30.957
4.0,16.27,60.696,34.87
5.0,14.532,69.818,23.545
6.0,13.416,71.579,19.0
7.0,13.018,69.364,26.727
8.0,11.674,81.435,23.304
9.0,14.639,50.478,24.696
10.0,14.865,44.174,27.565
11.0,15.43,52.522,33.826
12.0,16.239,55.261,31.087
13.0,17.059,52.045,28.045
14.0,17.035,43.087,37.783
15.0,17.404,44.217,33.391
16.0,18.0,45.864,32.727
17.0,18.343,40.571,33.095
18.0,19.13,38.609,32.174
19.0,18.109,47.227,32.455
20.0,17.79,53.1,26.85
21.0,15.952,55.522,30.652
22.0,16.678,53.435,33.0
23.0,17.563,45.368,37.263
24.0,18.061,40.565,35.087
25.0,17.226,45.391,33.217
26.0,17.357,35.217,28.783
27.0,18.417,25.478,24.478
28.0,19.843,27.043,27.391
29.0,21.2,18.696,28.391
30.0,21.565,17.0,34.217
31.0,21.174,15.348,32.13
2.0,16.948,52.087,40.435
3.0,16.07,55.957,32.609
4.0,16.474,45.696,27.043
5.0,17.652,44.095,44.429
6.0,18.113,50.783,59.261
7.0,17.478,55.826,46.217
8.0,16.035,60.783,32.826
9.0,15.387,67.174,27.826
10.0,16.396,61.826,24.87
11.0,14.033,72.667,26.5
12.0,13.887,78.696,26.304
13.0,13.138,85.0,13.857
14.0,12.959,87.5,18.636
15.0,13.468,83.682,19.545
16.0,15.235,74.55,21.9
17.0,15.069,73.25,12.438
18.0,13.224,85.667,17.286
19.0,15.808,66.917,15.833
20.0,15.688,55.176,20.588
21.0,14.627,67.455,21.273
22.0,14.087,72.435,16.435
23.0,11.82,79.2,5.0
24.0,13.419,70.048,17.19
25.0,13.606,73.765,30.059
26.0,13.309,78.273,21.636
27.0,14.768,67.955,21.955
28.0,14.835,70.95,18.9
29.0,13.859,70.545,28.5
30.0,14.5,64.87,27.391
1.0,15.491,59.522,31.826
2.0,15.057,64.957,40.696
3.0,14.175,68.1,31.5
4.0,14.883,65.913,30.696
5.0,14.804,61.261,30.609
6.0,13.1,68.19,24.19
7.0,14.622,65.722,19.722
8.0,13.471,77.095,16.19
9.0,13.391,67.773,30.591
10.0,13.126,73.421,19.316
11.0,12.995,75.81,20.476
12.0,13.983,66.174,33.087
13.0,13.527,70.045,36.364
14.0,13.374,75.913,16.087
15.0,13.909,70.609,47.957
16.0,14.97,66.391,51.043
17.0,14.287,70.391,31.652
18.0,14.982,61.773,29.091
19.0,15.935,55.13,30.391
20.0,14.764,66.136,26.909
21.0,15.609,56.043,20.217
22.0,16.009,57.174,29.826
23.0,17.843,45.565,31.174
24.0,17.29,49.762,31.619
25.0,16.636,45.045,25.864
26.0,15.922,57.565,30.87
27.0,14.652,63.565,25.739
28.0,14.268,67.5,19.0
29.0,15.996,57.826,21.478
30.0,15.836,55.773,23.136
31.0,14.678,64.217,21.261
1.0,15.518,60.318,14.864
2.0,14.009,70.043,16.652
3.0,13.323,75.727,15.864
4.0,12.319,82.095,14.0
5.0,13.067,80.857,11.238
6.0,13.65,79.2,14.65
7.0,13.815,69.1,24.2
8.0,14.205,66.545,26.227
9.0,13.6,72.789,27.474
10.0,13.479,76.105,17.053
11.0,13.576,76.048,22.429
12.0,12.744,81.222,16.833
13.0,13.44,71.6,21.7
14.0,14.017,69.826,24.609
15.0,14.143,74.696,27.174
16.0,15.089,64.333,28.444
17.0,13.85,68.136,23.136
18.0,14.286,68.636,18.636
19.0,15.989,65.0,16.278
20.0,14.495,70.579,23.211
21.0,13.333,76.952,17.571
22.0,13.85,73.682,17.864
24.0,13.896,72.696,23.217
25.0,14.87,69.826,23.522
26.0,14.33,70.0,18.55
27.0,14.135,72.304,19.652
28.0,13.226,78.211,16.105
29.0,13.483,77.217,19.261
30.0,14.43,73.45,21.75
7.0,14.123,74.136,31.864
8.0,14.339,70.217,29.478
9.0,14.922,66.13,24.478
10.0,15.674,68.522,27.043
11.0,14.578,73.174,26.348
12.0,14.586,77.429,26.071
13.0,13.891,82.783,18.957
14.0,14.483,75.478,23.304
15.0,14.145,71.818,22.409
16.0,13.522,75.696,27.087
17.0,13.987,72.957,26.913
18.0,14.004,73.348,35.391
19.0,15.036,69.727,33.545
20.0,17.276,60.647,32.588
21.0,15.959,67.955,23.545
22.0,14.952,72.957,19.609
23.0,13.95,75.455,16.364
24.0,14.352,71.304,23.652
25.0,14.322,75.0,22.391
26.0,14.135,74.087,24.957
27.0,13.655,73.5,22.05
28.0,13.715,74.3,23.55
29.0,13.88,73.8,26.4
30.0,14.305,69.286,19.143
1.0,14.009,68.045,20.182
2.0,13.418,70.273,19.273
3.0,13.516,75.053,16.579
4.0,13.37,76.304,16.13
5.0,14.126,68.652,20.478
6.0,13.764,72.955,26.318
7.0,13.459,76.545,24.773
8.0,13.695,72.682,21.636
9.0,15.35,64.045,15.318
10.0,15.086,75.0,31.952
11.0,14.783,76.435,28.435
12.0,14.835,75.13,24.609
13.0,14.668,73.864,19.136
14.0,15.467,69.619,11.048
15.0,14.995,69.909,21.864
16.0,14.25,74.318,21.091
17.0,12.032,81.318,14.909
18.0,10.65,88.25,4.0
23.0,14.762,57.625,30.062
24.0,15.048,58.217,25.87
25.0,15.964,61.0,37.864
26.0,14.967,65.111,31.667
27.0,12.787,75.522,24.261
28.0,12.513,74.261,12.565
29.0,12.559,76.727,17.773
30.0,13.65,72.364,22.0
31.0,13.895,70.476,26.095
1.0,13.367,71.762,23.286
2.0,9.88,88.0,16.0
3.0,12.257,76.087,10.391
4.0,10.848,87.087,19.783
5.0,13.645,65.545,13.545
6.0,15.017,63.522,35.565
7.0,15.873,62.227,36.682
8.0,15.95,45.0,28.227
9.0,15.265,51.739,30.217
10.0,13.643,68.217,30.13
11.0,14.33,64.609,32.217
12.0,14.074,60.522,28.783
13.0,12.017,68.87,26.087
14.0,5.713,91.522,22.174
15.0,9.018,70.091,23.455
16.0,11.85,53.278,31.889
17.0,12.432,54.636,33.864
18.0,12.135,52.391,45.174
19.0,13.526,37.913,27.391
20.0,13.782,47.273,37.955
21.0,13.652,54.652,41.217
22.0,14.665,50.913,37.0
23.0,15.374,49.304,50.348
24.0,15.512,52.118,40.353
25.0,15.614,45.273,26.636
26.0,12.426,66.174,39.739
27.0,12.813,54.0,42.261
28.0,12.15,63.5,21.8
29.0,11.322,73.826,13.087
30.0,13.124,72.765,14.647
1.0,14.814,57.227,15.636
2.0,14.329,35.286,17.048
4.0,13.296,61.522,52.043
5.0,11.491,77.261,33.957
6.0,12.139,69.913,29.348
7.0,13.813,58.957,23.348
8.0,14.004,52.391,17.043
9.0,13.343,62.348,32.652
10.0,11.861,72.043,47.609
11.0,10.865,70.304,69.957
12.0,11.553,62.211,37.842
13.0,11.57,54.1,17.4
14.0,11.783,55.435,30.087
15.0,9.922,62.0,76.304
16.0,11.374,44.391,52.826
17.0,11.865,44.609,55.174
18.0,12.691,57.043,47.13
19.0,11.839,47.348,23.043
20.0,10.139,31.217,25.391
23.0,11.439,29.87,45.13
24.0,10.513,38.304,61.913
25.0,12.352,41.826,79.13
26.0,12.096,46.609,29.609
27.0,12.627,50.409,13.727
28.0,12.27,47.13,23.391
29.0,14.1,43.591,25.318
30.0,12.778,55.13,25.304
31.0,12.561,60.087,31.043
1.0,12.952,43.261,67.609
2.0,11.835,43.87,37.087
3.0,12.587,40.87,36.739
4.0,13.213,45.609,45.087
5.0,13.857,49.217,47.783
6.0,14.226,45.957,38.783
7.0,14.196,41.304,36.217
8.0,11.922,27.478,35.478
9.0,9.755,43.136,39.955
10.0,10.674,66.043,35.174
11.0,12.309,56.227,30.773
12.0,11.504,66.87,36.87
13.0,10.014,75.909,21.955
14.0,9.757,71.435,31.087
15.0,10.691,63.783,46.913
16.0,12.352,58.304,39.043
17.0,12.317,58.696,39.13
18.0,12.53,55.87,29.609
19.0,12.459,48.5,29.818
20.0,11.074,57.087,35.261
21.0,12.687,31.217,31.565
22.0,13.5,24.957,26.174
23.0,14.067,38.048,22.143
24.0,14.2,42.348,26.826
25.0,14.924,37.952,23.333
26.0,13.361,37.609,21.478
27.0,10.491,43.783,20.957
28.0,11.5,46.75,26.35
29.0,12.043,43.217,35.565
30.0,12.109,39.826,26.478
31.0,12.97,24.435,16.826
1.0,13.31,31.762,25.905
2.0,13.778,41.0,37.043
3.0,14.328,42.611,33.889
4.0,15.4,44.13,34.348
5.0,15.717,37.043,40.522
6.0,16.813,38.87,38.304
8.0,11.577,66.182,35.455
9.0,11.322,66.174,39.957
10.0,12.857,49.565,28.957
11.0,14.152,50.087,30.304
12.0,12.752,60.565,41.435
13.0,10.748,78.609,54.391
14.0,14.37,57.435,24.217
15.0,16.468,44.773,24.273
16.0,17.626,42.913,31.0
17.0,17.93,37.261,21.957
18.0,17.857,30.913,29.783
19.0,15.658,27.316,18.211
20.0,15.768,26.0,12.409
21.0,15.595,27.667,16.143
22.0,16.064,32.545,15.455
23.0,15.352,43.783,23.522
24.0,13.886,57.227,22.273
25.0,13.07,66.043,35.957
26.0,15.148,44.609,25.348
27.0,16.3,31.636,23.273
28.0,17.091,31.0,29.045
1.0,17.673,36.227,34.273
2.0,17.439,40.304,34.0
3.0,18.2,37.826,28.565
4.0,15.89,46.619,31.381
5.0,16.165,44.783,28.609
6.0,15.43,45.0,33.696
7.0,16.48,41.95,37.65
8.0,17.67,38.261,30.826
9.0,17.87,42.087,37.783
10.0,18.555,41.636,44.909
14.0,17.487,38.739,43.087
15.0,15.132,57.5,55.182
16.0,14.222,60.565,42.043
17.0,14.617,57.348,37.739
18.0,14.496,52.522,31.522
19.0,13.987,43.043,32.565
20.0,14.696,36.652,26.565
21.0,12.826,59.0,37.174
22.0,13.367,56.056,31.389
23.0,16.406,28.824,25.529
24.0,15.739,34.87,30.826
25.0,16.343,25.261,30.957
26.0,16.029,20.824,43.588
27.0,13.987,39.913,31.783
28.0,15.265,25.435,35.304
29.0,17.239,26.043,42.913
30.0,17.909,35.435,50.652
31.0,16.657,36.435,47.435
1.0,17.043,32.087,41.957
2.0,16.832,32.364,39.727
3.0,16.452,36.783,37.0
4.0,15.24,42.2,39.25
5.0,15.809,44.913,44.696
6.0,15.678,38.957,37.478
7.0,16.483,30.174,30.043
8.0,14.213,48.435,42.826
9.0,13.645,49.364,33.091
10.0,15.83,38.043,41.043
11.0,16.887,29.043,44.739
12.0,17.014,22.182,44.682
13.0,16.8,13.478,39.957
14.0,16.387,28.739,68.565
15.0,17.239,36.478,73.0
16.0,18.487,35.304,56.13
17.0,18.483,32.087,40.565
18.0,19.961,27.087,32.391
19.0,13.709,49.652,47.087
20.0,15.7,39.957,44.348
21.0,18.335,34.087,38.0
22.0,18.126,38.913,50.174
23.0,18.93,35.913,50.435
24.0,18.526,31.217,47.652
25.0,18.47,32.043,54.391
26.0,15.952,52.087,57.0
27.0,16.27,50.739,60.913
28.0,16.874,49.522,52.609
29.0,16.639,52.174,59.087
30.0,16.552,48.304,36.217
1.0,17.504,41.217,27.391
5.0,15.7,77.222,28.333
6.0,14.927,77.545,19.273
7.0,15.561,68.261,23.478
8.0,18.141,52.773,23.364
9.0,18.187,46.217,24.304
10.0,16.674,40.348,33.696
11.0,15.791,55.773,22.909
12.0,16.878,56.13,32.478
13.0,14.452,69.857,19.619
14.0,15.309,67.304,22.043
15.0,17.357,54.261,28.522
16.0,17.813,54.522,26.435
17.0,18.735,50.304,34.391
18.0,16.776,62.19,26.0
19.0,16.17,65.957,27.609
20.0,17.374,57.478,36.304
21.0,17.883,57.696,28.913
22.0,16.639,66.217,28.13
23.0,15.973,69.318,28.318
24.0,14.709,76.773,13.727
25.0,14.055,72.318,16.955
26.0,15.004,68.043,27.957
27.0,14.639,67.13,25.696
28.0,13.604,67.261,26.348
29.0,13.345,66.455,18.773
30.0,13.881,66.238,22.333
1.0,13.395,68.737,17.947
2.0,13.291,72.955,18.682
3.0,14.6,64.9,26.35
4.0,15.709,66.273,36.0
5.0,16.126,60.913,37.652
6.0,15.065,65.913,26.043
7.0,15.439,62.174,26.217
8.0,14.578,64.435,27.174
9.0,15.564,62.318,30.273
10.0,14.505,73.364,21.818
11.0,13.709,79.682,23.273
12.0,11.775,88.25,18.0
18.0,14.339,68.609,26.87
19.0,15.95,63.1,29.8
20.0,14.753,67.842,28.842
21.0,13.809,71.591,18.591
22.0,14.596,67.13,23.304
23.0,15.229,66.0,30.143
24.0,12.8,79.478,19.478
25.0,12.126,82.13,17.913
26.0,12.586,82.273,15.591
27.0,15.01,67.8,18.15
28.0,14.476,67.095,17.048
29.0,13.135,72.824,15.176
30.0,13.809,69.261,32.652
31.0,13.895,69.9,32.85
1.0,15.152,58.957,31.522
2.0,15.923,56.0,30.045
3.0,16.135,55.261,25.783
4.0,16.139,64.783,27.696
5.0,14.7,73.043,21.913
6.0,14.15,74.45,21.4
7.0,13.096,81.174,14.13
8.0,15.978,64.826,17.174
9.0,15.778,69.739,29.261
10.0,16.157,65.238,15.571
11.0,15.5,73.955,16.227
12.0,15.678,69.13,16.217
13.0,15.33,67.174,21.174
14.0,16.4,61.318,22.5
15.0,16.074,63.391,26.435
16.0,16.726,56.13,23.609
17.0,16.59,65.65,30.0
18.0,16.148,67.13,27.913
19.0,15.004,68.957,19.913
20.0,14.422,60.304,21.87
21.0,14.609,65.217,20.652
22.0,14.705,71.136,21.636
23.0,15.035,71.471,21.706
24.0,15.65,66.05,23.45
25.0,15.952,67.0,23.565
26.0,15.414,71.091,25.909
27.0,15.417,68.217,27.957
28.0,15.83,61.261,29.435
29.0,15.191,60.826,29.522
30.0,14.996,54.478,33.739
31.0,15.496,50.174,30.087
1.0,15.426,51.565,25.217
2.0,15.43,61.174,22.826
3.0,15.341,58.727,21.909
4.0,15.252,68.0,25.783
5.0,14.832,70.263,28.0
6.0,15.391,63.565,31.435
7.0,14.43,68.304,28.348
8.0,15.691,59.565,17.652
9.0,15.196,63.261,24.652
10.0,14.435,74.235,34.706
11.0,14.219,74.571,21.619
12.0,14.442,71.421,18.737
13.0,12.755,81.045,13.5
14.0,11.738,86.538,10.692
15.0,14.796,63.565,16.13
16.0,14.296,72.435,22.609
17.0,15.209,68.682,23.773
18.0,14.685,73.308,14.385
20.0,14.614,71.136,27.136
21.0,15.048,64.609,23.217
22.0,15.461,64.391,22.957
23.0,15.261,60.522,27.304
24.0,15.287,68.174,31.435
25.0,14.77,74.217,28.304
26.0,15.77,65.826,25.565
27.0,15.974,63.609,24.522
28.0,14.939,74.435,21.565
29.0,13.62,82.4,8.55
30.0,14.544,75.5,16.0
1.0,14.589,72.556,19.278
2.0,15.368,59.895,17.421
3.0,13.874,70.261,15.696
4.0,14.276,70.667,22.714
5.0,14.878,67.696,23.783
6.0,14.809,63.391,16.739
7.0,13.73,65.696,17.435
8.0,12.027,80.727,14.136
9.0,14.979,67.316,18.579
10.0,15.343,74.0,21.043
11.0,15.677,68.0,21.5
12.0,15.232,68.474,19.421
13.0,15.795,61.955,23.909
14.0,15.939,63.348,22.174
15.0,16.026,61.478,30.783
16.0,13.524,78.286,21.476
18.0,14.033,73.0,11.0
19.0,15.339,70.348,17.391
20.0,14.667,73.5,13.833
21.0,16.432,59.789,17.211
22.0,14.2,75.714,22.095
23.0,14.428,67.222,19.667
24.0,13.177,74.909,20.682
25.0,13.289,78.263,34.105
26.0,13.66,79.533,27.067
27.0,13.896,74.261,25.652
28.0,14.43,72.913,32.435
29.0,13.915,77.769,27.846
30.0,14.848,73.565,23.522
31.0,12.513,78.0,16.739
1.0,12.926,74.609,28.304
2.0,12.52,81.8,39.133
3.0,13.4,70.333,20.733
4.0,14.178,65.261,27.957
5.0,13.157,72.826,20.261
6.0,12.948,71.957,20.13
7.0,14.622,62.783,25.391
8.0,13.814,66.182,21.955
9.0,13.895,67.045,17.545
10.0,14.674,63.957,21.522
11.0,15.27,59.174,29.087
12.0,12.773,62.0,19.667
13.0,13.644,51.222,10.889
14.0,10.9,66.0,11.625
15.0,13.2,68.4,36.4
16.0,12.674,66.478,35.522
17.0,13.174,60.304,23.522
18.0,13.761,59.087,16.739
19.0,14.8,62.913,27.739
20.0,15.27,58.565,35.087
21.0,15.483,56.217,35.87
22.0,15.713,48.696,29.957
23.0,15.283,42.478,29.391
24.0,14.326,54.565,28.696
25.0,15.778,54.565,32.826
26.0,15.322,59.043,26.174
27.0,15.865,53.087,39.522
28.0,15.223,41.864,31.5
29.0,15.509,56.696,33.087
30.0,16.057,51.783,35.652
1.0,15.291,49.522,32.739
2.0,12.757,63.652,37.739
3.0,14.5,49.739,31.826
4.0,13.847,42.263,35.632
6.0,13.987,30.043,31.609
7.0,11.939,39.174,36.217
8.0,13.761,39.174,41.522
9.0,14.887,34.957,30.174
10.0,14.222,49.652,42.565
11.0,11.274,69.435,59.957
12.0,12.678,53.522,62.957
13.0,13.839,45.391,38.043
14.0,13.413,36.783,36.87
15.0,13.587,43.609,40.913
16.0,13.487,49.522,31.348
17.0,12.705,56.773,47.818
18.0,9.065,74.217,93.13
19.0,10.648,62.609,79.913
20.0,11.443,55.478,61.609
21.0,10.53,68.174,65.261
22.0,7.596,82.217,45.0
23.0,11.557,60.957,41.217
24.0,12.587,49.348,26.913
25.0,12.991,44.909,36.727
26.0,13.187,48.826,34.304
27.0,13.748,52.478,45.391
28.0,13.609,54.913,25.478
29.0,12.912,50.0,14.941
30.0,13.648,49.652,16.391
31.0,14.126,42.609,28.087
1.0,13.965,49.87,44.217
2.0,12.825,52.85,20.9
3.0,12.862,31.524,18.048
4.0,9.678,47.957,46.435
5.0,10.522,36.826,33.957
6.0,13.191,33.435,66.13
7.0,11.1,26.174,42.435
8.0,10.891,46.13,62.739
9.0,13.409,37.478,52.609
10.0,13.474,39.0,29.739
11.0,13.836,36.955,33.273
12.0,13.383,45.261,40.391
13.0,14.039,47.217,44.261
14.0,14.178,56.261,43.043
15.0,13.422,61.889,42.056
16.0,13.076,64.095,56.714
17.0,12.848,58.435,33.0
18.0,13.077,58.909,36.591
19.0,10.2,83.222,15.667
20.0,7.893,84.857,25.643
21.0,9.013,65.87,31.739
22.0,11.965,56.522,24.13
23.0,11.291,60.043,22.565
24.0,11.461,57.87,29.565
25.0,11.483,60.304,28.174
26.0,13.165,49.9,19.4
27.0,13.418,39.727,19.909
28.0,12.952,20.087,19.043
29.0,12.427,30.636,30.864
30.0,12.165,34.696,22.913
31.0,12.991,43.783,15.304
1.0,12.123,60.227,42.5
2.0,12.595,60.364,37.455
3.0,13.337,54.105,26.263
4.0,13.322,57.087,16.652
5.0,12.624,63.048,16.524
6.0,13.8,32.682,15.182
7.0,15.17,23.087,21.565
8.0,14.8,30.609,26.522
9.0,15.439,38.696,20.391
10.0,16.639,44.957,28.913
11.0,16.443,45.652,33.348
12.0,14.641,46.727,26.409
13.0,14.217,51.783,49.13
14.0,13.565,62.0,50.348
15.0,14.773,54.136,42.909
16.0,16.561,35.783,22.826
17.0,17.145,23.818,23.318
18.0,18.187,18.391,39.565
19.0,17.543,15.087,39.174
20.0,15.261,39.957,51.565
21.0,13.255,60.455,40.455
22.0,14.313,53.043,49.609
23.0,16.348,46.87,45.13
24.0,17.491,40.826,43.696
25.0,16.287,33.174,27.696
26.0,13.791,45.391,54.913
27.0,12.417,55.222,52.444
28.0,14.265,47.0,51.348
29.0,15.335,42.391,44.0
1.0,17.261,41.391,37.348
2.0,17.391,44.826,33.957
3.0,16.913,37.957,28.87
4.0,16.609,34.087,32.826
5.0,16.117,41.304,61.696
6.0,10.548,70.087,80.609
7.0,12.465,56.13,63.087
8.0,15.065,39.652,37.739
9.0,16.37,36.348,43.652
10.0,15.732,46.474,58.842
11.0,15.94,42.05,48.75
12.0,18.218,35.182,46.136
13.0,17.978,38.609,43.522
14.0,17.235,39.391,56.0
15.0,16.735,40.783,35.565
16.0,14.696,54.478,38.522
17.0,14.961,49.87,34.478
18.0,16.005,50.7,48.45
19.0,17.291,44.913,35.609
20.0,17.768,42.682,40.273
21.0,14.97,60.13,42.13
22.0,16.957,45.739,34.261
23.0,17.7,29.696,32.217
24.0,19.743,21.87,37.478
25.0,19.777,20.773,43.364
26.0,19.316,21.526,57.211
27.0,19.6,18.909,41.955
28.0,19.322,27.826,45.913
29.0,17.374,48.739,59.609
30.0,17.986,41.227,59.182
31.0,17.891,35.043,60.522
1.0,16.665,49.435,52.739
2.0,17.148,48.286,41.524
3.0,16.309,52.773,41.136
4.0,16.77,47.696,29.087
5.0,17.743,46.348,36.522
6.0,17.83,40.87,37.957
7.0,17.891,35.391,29.565
8.0,18.074,37.783,37.565
9.0,17.909,41.87,40.13
10.0,18.8,28.696,31.957
11.0,19.07,26.87,34.783
12.0,18.5,26.522,38.174
13.0,19.061,26.609,34.522
14.0,19.395,31.143,48.476
15.0,18.648,37.826,48.13
16.0,19.017,40.696,58.391
17.0,19.123,38.682,50.727
18.0,18.243,48.13,50.783
19.0,17.579,52.714,53.0
21.0,17.576,53.952,59.143
22.0,17.824,50.619,34.476
23.0,17.996,46.348,33.696
24.0,16.7,53.609,42.435
25.0,16.591,52.783,43.261
26.0,15.878,56.783,35.957
27.0,17.233,43.048,29.095
28.0,17.161,42.087,38.783
29.0,16.352,47.391,33.783
30.0,13.909,53.957,26.913
1.0,12.948,59.739,20.565
2.0,16.383,43.783,27.739
3.0,18.13,34.348,27.13
4.0,19.235,33.391,34.174
5.0,17.473,42.455,33.955
6.0,14.781,54.81,26.762
7.0,12.075,75.812,24.312
8.0,15.2,56.652,35.696
9.0,15.235,62.696,40.826
10.0,14.587,64.348,27.478
11.0,13.791,68.87,25.739
12.0,12.15,73.625,33.75
13.0,19.808,32.846,41.846
14.0,17.567,39.238,42.333
15.0,18.657,32.217,40.304
16.0,18.417,28.609,28.391
17.0,18.117,32.348,31.391
18.0,17.265,46.783,43.478
19.0,18.235,36.522,32.609
20.0,19.009,33.174,63.304
21.0,18.991,35.727,66.818
22.0,18.37,34.565,44.478
23.0,18.691,37.045,41.364
24.0,21.24,26.3,44.2
25.0,19.552,20.87,34.478
26.0,19.861,18.87,50.913
27.0,16.935,47.75,74.95
28.0,16.604,46.783,49.565
29.0,14.305,57.955,32.636
30.0,13.47,62.783,22.217
31.0,13.487,69.609,27.174
1.0,15.739,61.217,33.304
2.0,16.639,58.478,29.609
3.0,15.852,62.391,21.522
4.0,16.655,57.591,23.136
5.0,17.696,53.043,26.435
27.0,17.395,55.263,18.421
28.0,15.113,58.565,28.696
29.0,13.957,65.435,31.957
30.0,14.926,46.043,29.0
31.0,14.235,44.0,23.783
1.0,13.483,46.391,31.522
2.0,13.714,31.773,20.545
3.0,13.657,34.0,25.739
4.0,13.413,39.304,31.739
5.0,12.226,55.174,35.652
6.0,12.343,44.174,24.913
7.0,12.361,57.087,21.87
8.0,13.283,53.391,34.435
9.0,13.126,46.783,37.696
10.0,13.848,45.652,47.913
11.0,13.661,38.783,36.609
12.0,11.287,44.609,24.565
13.0,9.583,58.174,33.522
14.0,9.991,64.609,25.522
15.0,10.909,45.348,19.261
16.0,11.548,42.261,25.565
17.0,12.596,44.826,32.609
18.0,12.504,43.13,37.696
19.0,10.448,74.13,22.087
20.0,11.609,65.545,22.182
21.0,13.448,58.522,29.522
22.0,11.824,68.619,29.524
23.0,12.235,70.174,22.043
24.0,12.391,68.957,24.652
25.0,13.07,62.696,42.391
26.0,11.761,65.913,31.913
27.0,12.804,57.609,38.913
28.0,13.0,60.174,36.826
29.0,12.652,59.652,45.522
30.0,13.278,48.043,36.478
1.0,13.678,45.435,34.609
2.0,13.182,36.182,24.136
3.0,12.539,36.435,27.565
4.0,13.178,35.087,22.087
5.0,12.935,52.043,34.261
6.0,14.048,48.261,46.391
7.0,14.135,44.304,34.478
8.0,13.916,69.378,22.757
9.0,15.861,56.391,20.957
10.0,16.426,54.652,26.783
11.0,15.648,61.391,18.913
12.0,14.213,70.087,21.652
13.0,14.878,69.826,27.478
14.0,14.713,69.609,28.87
15.0,14.361,71.826,20.043
16.0,13.913,77.609,12.391
17.0,14.591,74.174,12.0
18.0,14.295,82.773,12.727
19.0,14.0,79.957,12.87
20.0,14.305,70.636,16.455
21.0,14.741,65.091,17.227
22.0,14.687,64.174,20.783
23.0,14.835,66.0,21.13
24.0,14.895,72.455,24.727
25.0,14.817,73.087,14.696
26.0,13.865,74.652,18.957
27.0,12.759,74.318,13.955
28.0,12.683,77.261,13.174
29.0,11.639,73.304,18.478
30.0,12.709,65.174,32.13
1.0,14.27,56.391,36.783
2.0,14.639,55.609,30.87
3.0,14.174,62.217,42.043
4.0,13.248,71.913,34.217
5.0,13.609,71.391,27.217
6.0,13.426,79.435,19.565
7.0,13.491,73.261,20.13
8.0,12.38,78.15,14.25
9.0,11.957,80.87,7.652
10.0,12.5,73.045,15.227
11.0,13.855,71.455,14.636
12.0,16.152,60.522,20.0
13.0,15.713,52.478,23.957
14.0,15.057,57.913,31.739
15.0,16.152,57.217,28.174
16.0,16.4,61.739,24.13
17.0,16.365,63.739,23.13
18.0,13.0,81.045,13.864
19.0,10.713,80.913,15.957
20.0,13.087,71.348,30.565
21.0,13.522,74.522,25.087
22.0,15.487,67.043,23.261
23.0,17.048,63.826,26.13
24.0,17.73,62.217,25.783
25.0,17.2,60.217,35.0
26.0,17.22,60.8,41.9
27.0,16.496,67.174,48.652
28.0,17.561,61.087,45.478
29.0,15.865,67.0,32.348
30.0,16.096,63.957,32.043
31.0,15.657,61.739,31.217
1.0,15.67,61.391,39.087
2.0,14.77,59.261,30.87
3.0,15.635,55.826,34.826
4.0,15.565,61.0,32.609
5.0,16.209,52.957,29.217
6.0,16.07,48.304,33.435
7.0,15.217,35.087,26.174
8.0,13.722,57.435,27.304
9.0,13.648,56.826,27.217
10.0,15.243,48.609,27.174
11.0,16.126,49.043,39.0
12.0,15.93,58.522,60.739
13.0,15.443,59.391,39.783
14.0,16.191,51.13,32.609
15.0,15.943,51.0,46.087
16.0,14.457,56.217,49.435
17.0,14.035,61.87,49.0
18.0,13.813,66.826,32.174
19.0,13.822,61.739,27.478
20.0,11.291,74.261,35.696
21.0,11.97,77.217,20.348
22.0,12.974,70.522,31.043
23.0,14.383,64.261,39.304
24.0,14.239,63.13,45.87
25.0,15.061,56.739,31.826
26.0,15.648,53.783,14.783
27.0,15.0,55.0,20.217
28.0,14.365,58.957,27.087
29.0,14.861,56.0,32.478
30.0,15.13,52.435,32.565
1.0,13.057,64.261,23.261
2.0,14.0,59.826,39.304
3.0,13.639,66.391,28.087
4.0,12.204,52.304,14.739
5.0,14.252,46.304,28.043
6.0,15.239,38.739,40.522
7.0,14.843,31.0,40.826
8.0,12.752,33.348,51.217
9.0,12.261,57.391,57.13
10.0,13.448,48.739,33.565
11.0,13.839,38.13,26.478
12.0,12.408,40.231,29.923
18.0,13.635,53.826,48.0
19.0,13.983,43.696,40.783
20.0,12.909,51.261,49.217
21.0,11.987,59.304,27.565
22.0,13.974,52.913,49.174
23.0,12.457,59.87,48.087
24.0,11.391,65.217,51.565
25.0,8.726,79.783,53.696
26.0,9.243,68.565,22.174
27.0,10.152,55.739,24.609
28.0,11.274,48.391,17.043
29.0,11.314,52.318,12.364
30.0,11.77,52.652,15.87
31.0,12.77,59.304,17.478
1.0,12.57,57.13,26.913
2.0,13.039,52.304,13.739
3.0,13.674,49.696,12.087
4.0,13.857,47.913,35.348
5.0,12.93,51.87,34.043
6.0,12.322,46.957,37.87
7.0,13.039,40.0,34.609
8.0,12.83,34.043,34.304
9.0,12.113,55.609,48.565
10.0,12.161,48.348,45.957
11.0,12.004,54.261,41.826
12.0,12.257,48.609,44.348
13.0,10.822,53.652,40.391
14.0,10.657,36.174,30.0
15.0,12.735,41.0,37.304
16.0,14.043,44.13,48.478
17.0,14.552,40.087,50.783
18.0,14.65,34.85,35.05
19.0,15.674,31.913,49.174
20.0,15.474,34.957,52.739
21.0,14.974,45.652,49.174
22.0,14.165,51.913,45.261
23.0,13.804,50.174,27.478
24.0,14.017,43.652,24.696
25.0,14.174,38.87,44.652
26.0,12.591,54.652,49.609
27.0,12.313,45.913,39.217
28.0,13.743,41.043,32.217
29.0,14.787,38.783,30.739
30.0,15.97,37.957,47.043
31.0,15.439,33.826,39.609
1.0,13.739,42.217,48.304
2.0,15.057,34.652,45.522
3.0,9.961,62.696,49.087
4.0,11.165,52.696,50.174
5.0,13.313,27.043,30.87
6.0,13.322,28.174,33.043
7.0,14.435,36.435,46.217
8.0,14.078,50.696,54.652
9.0,13.474,56.043,49.087
10.0,13.439,58.478,59.304
11.0,12.278,63.478,51.783
12.0,13.965,52.304,45.957
13.0,15.652,43.609,46.217
14.0,15.435,45.043,30.478
15.0,15.73,40.696,25.174
16.0,17.461,26.739,35.913
17.0,15.03,53.087,64.826
18.0,14.148,49.696,62.13
19.0,15.396,40.304,37.609
20.0,16.035,32.522,39.565
21.0,15.77,37.0,41.609
22.0,14.174,44.609,29.696
23.0,16.355,40.227,59.545
24.0,16.109,36.261,60.391
25.0,15.491,39.087,39.87
26.0,16.822,35.696,26.652
27.0,17.639,32.478,36.043
28.0,18.248,26.522,38.826
1.0,18.152,33.043,39.478
2.0,18.496,31.043,49.609
3.0,18.243,24.13,36.609
4.0,17.996,27.913,40.696
5.0,17.97,36.913,47.174
6.0,18.439,29.0,57.739
7.0,18.035,15.87,38.957
8.0,17.47,19.478,38.696
9.0,17.526,24.696,45.87
10.0,17.657,25.565,46.043
11.0,16.274,35.174,54.913
12.0,14.874,41.739,46.522
13.0,14.5,40.13,35.043
14.0,14.287,46.261,33.609
15.0,12.287,61.0,32.348
16.0,11.744,55.611,14.667
17.0,14.674,45.087,23.13
18.0,14.283,48.217,22.652
19.0,12.743,55.087,29.87
20.0,13.913,46.261,25.435
21.0,16.561,31.217,27.0
22.0,17.387,33.087,40.522
23.0,17.974,30.217,38.174
24.0,18.048,35.174,34.348
25.0,18.509,33.348,45.478
26.0,18.909,34.609,47.087
27.0,19.239,33.217,46.957
28.0,15.86,48.6,41.8
19.0,18.848,33.348,35.261
20.0,18.648,38.261,39.522
21.0,18.322,40.348,32.304
22.0,17.165,50.043,38.174
23.0,18.735,36.217,31.391
24.0,18.461,34.478,32.0
25.0,18.865,28.304,29.739
26.0,19.287,28.13,40.391
27.0,19.326,26.739,53.826
28.0,18.9,24.522,37.609
29.0,18.574,25.87,42.565
30.0,17.557,28.522,34.13
1.0,18.643,22.435,26.565
2.0,19.243,26.609,35.304
3.0,19.578,29.609,48.913
4.0,18.457,43.87,53.174
5.0,18.217,43.913,52.652
6.0,18.917,39.565,48.391
7.0,18.627,39.364,33.818
8.0,15.796,52.348,29.652
9.0,16.204,48.391,30.609
10.0,16.93,50.435,35.087
11.0,18.496,42.565,35.174
12.0,17.448,44.826,36.087
13.0,16.987,49.652,33.043
14.0,15.648,52.217,27.478
15.0,15.33,49.435,21.348
16.0,14.439,56.0,31.304
17.0,16.37,46.043,28.043
18.0,16.23,51.565,28.696
19.0,16.868,50.318,28.818
20.0,16.639,55.957,30.304
21.0,15.636,63.714,19.643
22.0,15.724,70.143,27.476
23.0,16.426,64.609,27.435
24.0,17.587,58.043,28.435
25.0,17.522,58.217,34.261
26.0,17.552,58.391,34.565
27.0,17.561,54.087,30.783
28.0,15.165,64.565,21.826
29.0,16.378,56.609,19.304
30.0,17.539,50.217,28.304
31.0,18.222,53.087,34.261
1.0,18.816,51.737,34.053
2.0,21.013,41.783,40.478
3.0,21.378,35.304,35.0
4.0,20.583,32.478,27.087
5.0,19.143,44.174,38.478
6.0,16.878,60.043,27.087
7.0,16.035,66.957,26.913
8.0,18.439,53.957,26.565
9.0,20.787,35.0,32.696
10.0,21.178,42.391,36.87
11.0,20.991,45.913,35.957
12.0,21.435,35.0,34.391
13.0,21.474,21.435,27.435
14.0,22.213,27.391,36.783
15.0,21.704,40.043,40.043
16.0,21.287,41.435,42.043
17.0,21.348,33.783,33.565
18.0,21.552,24.0,33.478
19.0,21.752,22.783,35.609
20.0,21.37,26.478,45.0
21.0,21.374,24.391,35.652
22.0,20.987,25.739,36.13
23.0,19.578,31.826,39.043
24.0,18.474,37.565,27.217
25.0,17.161,60.087,18.087
26.0,15.178,72.913,20.217
27.0,16.074,63.913,30.652
28.0,15.821,67.214,19.786
